id,date,latitude,site,size,air_temp,air_temp_sd,water_temp,water_temp_sd,name
1,7/24/16,30,GTM,12.43,21.792,6.391,24.502,6.121,Guana Tolomoto Matanzas NERR
1,7/24/16,30,GTM,12.43,21.792,6.391,24.502,6.121,Guana Tolomoto Matanzas NERR
2,7/24/16,30,GTM,14.18,21.792,6.391,24.502,6.121,Guana Tolomoto Matanzas NERR
3,7/24/16,30,GTM,14.52,21.792,6.391,24.502,6.121,Guana Tolomoto Matanzas NERR
4,7/24/16,30,GTM,12.94,21.792,6.391,24.502,6.121,Guana Tolomoto Matanzas NERR
5,7/24/16,30,GTM,12.45,21.792,6.391,24.502,6.121,Guana Tolomoto Matanzas NERR
6,7/24/16,30,GTM,12.99,21.792,6.391,24.502,6.121,Guana Tolomoto Matanzas NERR
7,7/24/16,30,GTM,10.32,21.792,6.391,24.502,6.121,Guana Tolomoto Matanzas NERR
8,7/24/16,30,GTM,11.19,21.792,6.391,24.502,6.121,Guana Tolomoto Matanzas NERR
9,7/24/16,30,GTM,12.68,21.792,6.391,24.502,6.121,Guana Tolomoto Matanzas NERR
10,7/24/16,30,GTM,14.55,21.792,6.391,24.502,6.121,Guana Tolomoto Matanzas NERR
11,7/24/16,30,GTM,14.92,21.792,6.391,24.502,6.121,Guana Tolomoto Matanzas NERR
12,7/24/16,30,GTM,13.48,21.792,6.391,24.502,6.121,Guana Tolomoto Matanzas NERR
13,7/24/16,30,GTM,13.76,21.792,6.391,24.502,6.121,Guana Tolomoto Matanzas NERR
14,7/24/16,30,GTM,13.1,21.792,6.391,24.502,6.121,Guana Tolomoto Matanzas NERR
15,7/24/16,30,GTM,13.56,21.792,6.391,24.502,6.121,Guana Tolomoto Matanzas NERR
16,7/24/16,30,GTM,13.51,21.792,6.391,24.502,6.121,Guana Tolomoto Matanzas NERR
17,7/24/16,30,GTM,12.12,21.792,6.391,24.502,6.121,Guana Tolomoto Matanzas NERR
18,7/24/16,30,GTM,14.33,21.792,6.391,24.502,6.121,Guana Tolomoto Matanzas NERR
19,7/24/16,30,GTM,12.52,21.792,6.391,24.502,6.121,Guana Tolomoto Matanzas NERR
20,7/24/16,30,GTM,12.03,21.792,6.391,24.502,6.121,Guana Tolomoto Matanzas NERR
21,7/24/16,30,GTM,11.84,21.792,6.391,24.502,6.121,Guana Tolomoto Matanzas NERR
22,7/24/16,30,GTM,7.55,21.792,6.391,24.502,6.121,Guana Tolomoto Matanzas NERR
23,7/24/16,30,GTM,12.59,21.792,6.391,24.502,6.121,Guana Tolomoto Matanzas NERR
24,7/24/16,30,GTM,10.05,21.792,6.391,24.502,6.121,Guana Tolomoto Matanzas NERR
25,7/24/16,30,GTM,NA,21.792,6.391,24.502,6.121,Guana Tolomoto Matanzas NERR
26,7/24/16,30,GTM,11.29,21.792,6.391,24.502,6.121,Guana Tolomoto Matanzas NERR
27,7/24/16,30,GTM,11.58,21.792,6.391,24.502,6.121,Guana Tolomoto Matanzas NERR
28,7/24/16,30,GTM,7.81,21.792,6.391,24.502,6.121,Guana Tolomoto Matanzas NERR
29,7/26/16,31.4,SI,9.26,20.83,7.414,22.064,6.495,Sapelo Island NERR
30,7/26/16,31.4,SI,12.58,20.83,7.414,22.064,6.495,Sapelo Island NERR
31,7/26/16,31.4,SI,10.51,20.83,7.414,22.064,6.495,Sapelo Island NERR
32,7/26/16,31.4,SI,8.09,20.83,7.414,22.064,6.495,Sapelo Island NERR
33,7/26/16,31.4,SI,10.96,20.83,7.414,22.064,6.495,Sapelo Island NERR
34,7/26/16,31.4,SI,9.55,20.83,7.414,22.064,6.495,Sapelo Island NERR
35,7/26/16,31.4,SI,7.28,20.83,7.414,22.064,6.495,Sapelo Island NERR
36,7/26/16,31.4,SI,12.66,20.83,7.414,22.064,6.495,Sapelo Island NERR
37,7/26/16,31.4,SI,6.64,20.83,7.414,22.064,6.495,Sapelo Island NERR
38,7/26/16,31.4,SI,10.56,20.83,7.414,22.064,6.495,Sapelo Island NERR
39,7/26/16,31.4,SI,10.62,20.83,7.414,22.064,6.495,Sapelo Island NERR
40,7/26/16,31.4,SI,11.11,20.83,7.414,22.064,6.495,Sapelo Island NERR
41,7/26/16,31.4,SI,13.39,20.83,7.414,22.064,6.495,Sapelo Island NERR
42,7/26/16,31.4,SI,7.65,20.83,7.414,22.064,6.495,Sapelo Island NERR
43,7/26/16,31.4,SI,10.33,20.83,7.414,22.064,6.495,Sapelo Island NERR
44,7/26/16,31.4,SI,6.91,20.83,7.414,22.064,6.495,Sapelo Island NERR
45,7/26/16,31.4,SI,9.45,20.83,7.414,22.064,6.495,Sapelo Island NERR
46,7/26/16,31.4,SI,7.96,20.83,7.414,22.064,6.495,Sapelo Island NERR
47,7/26/16,31.4,SI,8.86,20.83,7.414,22.064,6.495,Sapelo Island NERR
48,7/26/16,31.4,SI,13.63,20.83,7.414,22.064,6.495,Sapelo Island NERR
49,7/26/16,31.4,SI,9.55,20.83,7.414,22.064,6.495,Sapelo Island NERR
50,7/26/16,31.4,SI,10.75,20.83,7.414,22.064,6.495,Sapelo Island NERR
51,7/26/16,31.4,SI,9.09,20.83,7.414,22.064,6.495,Sapelo Island NERR
52,7/26/16,31.4,SI,9.09,20.83,7.414,22.064,6.495,Sapelo Island NERR
53,7/26/16,31.4,SI,9.08,20.83,7.414,22.064,6.495,Sapelo Island NERR
54,7/26/16,31.4,SI,9.73,20.83,7.414,22.064,6.495,Sapelo Island NERR
55,7/26/16,31.4,SI,8.88,20.83,7.414,22.064,6.495,Sapelo Island NERR
56,7/26/16,31.4,SI,11.42,20.83,7.414,22.064,6.495,Sapelo Island NERR
57,7/26/16,31.4,SI,10.86,20.83,7.414,22.064,6.495,Sapelo Island NERR
58,7/26/16,31.4,SI,9.18,20.83,7.414,22.064,6.495,Sapelo Island NERR
59,7/28/16,33.3,NIB,14.53,18.967,7.99,21.144,7.164,North Inlet Winyah Bay NERR
60,7/28/16,33.3,NIB,17.29,18.967,7.99,21.144,7.164,North Inlet Winyah Bay NERR
61,7/28/16,33.3,NIB,14.69,18.967,7.99,21.144,7.164,North Inlet Winyah Bay NERR
62,7/28/16,33.3,NIB,12.57,18.967,7.99,21.144,7.164,North Inlet Winyah Bay NERR
63,7/28/16,33.3,NIB,12.89,18.967,7.99,21.144,7.164,North Inlet Winyah Bay NERR
64,7/28/16,33.3,NIB,15.14,18.967,7.99,21.144,7.164,North Inlet Winyah Bay NERR
65,7/28/16,33.3,NIB,16.99,18.967,7.99,21.144,7.164,North Inlet Winyah Bay NERR
66,7/28/16,33.3,NIB,14.01,18.967,7.99,21.144,7.164,North Inlet Winyah Bay NERR
67,7/28/16,33.3,NIB,15.32,18.967,7.99,21.144,7.164,North Inlet Winyah Bay NERR
68,7/28/16,33.3,NIB,8.52,18.967,7.99,21.144,7.164,North Inlet Winyah Bay NERR
69,7/28/16,33.3,NIB,11.98,18.967,7.99,21.144,7.164,North Inlet Winyah Bay NERR
70,7/28/16,33.3,NIB,13.71,18.967,7.99,21.144,7.164,North Inlet Winyah Bay NERR
71,7/28/16,33.3,NIB,8.84,18.967,7.99,21.144,7.164,North Inlet Winyah Bay NERR
72,7/28/16,33.3,NIB,10.77,18.967,7.99,21.144,7.164,North Inlet Winyah Bay NERR
73,7/28/16,33.3,NIB,12.71,18.967,7.99,21.144,7.164,North Inlet Winyah Bay NERR
74,7/28/16,33.3,NIB,15.31,18.967,7.99,21.144,7.164,North Inlet Winyah Bay NERR
75,7/28/16,33.3,NIB,10.55,18.967,7.99,21.144,7.164,North Inlet Winyah Bay NERR
76,7/28/16,33.3,NIB,12.87,18.967,7.99,21.144,7.164,North Inlet Winyah Bay NERR
77,7/28/16,33.3,NIB,17.04,18.967,7.99,21.144,7.164,North Inlet Winyah Bay NERR
78,7/28/16,33.3,NIB,14.47,18.967,7.99,21.144,7.164,North Inlet Winyah Bay NERR
79,7/28/16,33.3,NIB,13.63,18.967,7.99,21.144,7.164,North Inlet Winyah Bay NERR
80,7/28/16,33.3,NIB,10.34,18.967,7.99,21.144,7.164,North Inlet Winyah Bay NERR
81,7/28/16,33.3,NIB,15.82,18.967,7.99,21.144,7.164,North Inlet Winyah Bay NERR
82,7/28/16,33.3,NIB,11.45,18.967,7.99,21.144,7.164,North Inlet Winyah Bay NERR
83,7/28/16,33.3,NIB,15.88,18.967,7.99,21.144,7.164,North Inlet Winyah Bay NERR
84,7/28/16,33.3,NIB,12.7,18.967,7.99,21.144,7.164,North Inlet Winyah Bay NERR
85,7/28/16,33.3,NIB,11.95,18.967,7.99,21.144,7.164,North Inlet Winyah Bay NERR
86,7/28/16,33.3,NIB,15.67,18.967,7.99,21.144,7.164,North Inlet Winyah Bay NERR
87,7/28/16,33.3,NIB,11.4,18.967,7.99,21.144,7.164,North Inlet Winyah Bay NERR
88,7/28/16,33.3,NIB,9.72,18.967,7.99,21.144,7.164,North Inlet Winyah Bay NERR
89,7/29/16,34,ZI,14.71,18.631,8.397,20.234,7.651,Zeke's Island NERR
90,7/29/16,34,ZI,12.5,18.631,8.397,20.234,7.651,Zeke's Island NERR
91,7/29/16,34,ZI,14.73,18.631,8.397,20.234,7.651,Zeke's Island NERR
92,7/29/16,34,ZI,13.05,18.631,8.397,20.234,7.651,Zeke's Island NERR
93,7/29/16,34,ZI,12.74,18.631,8.397,20.234,7.651,Zeke's Island NERR
94,7/29/16,34,ZI,12.18,18.631,8.397,20.234,7.651,Zeke's Island NERR
95,7/29/16,34,ZI,13.64,18.631,8.397,20.234,7.651,Zeke's Island NERR
96,7/29/16,34,ZI,13.96,18.631,8.397,20.234,7.651,Zeke's Island NERR
97,7/29/16,34,ZI,15.74,18.631,8.397,20.234,7.651,Zeke's Island NERR
98,7/29/16,34,ZI,13.73,18.631,8.397,20.234,7.651,Zeke's Island NERR
99,7/29/16,34,ZI,14.31,18.631,8.397,20.234,7.651,Zeke's Island NERR
100,7/29/16,34,ZI,13.39,18.631,8.397,20.234,7.651,Zeke's Island NERR
101,7/29/16,34,ZI,11.91,18.631,8.397,20.234,7.651,Zeke's Island NERR
102,7/29/16,34,ZI,9.81,18.631,8.397,20.234,7.651,Zeke's Island NERR
103,7/29/16,34,ZI,10.38,18.631,8.397,20.234,7.651,Zeke's Island NERR
104,7/29/16,34,ZI,11.27,18.631,8.397,20.234,7.651,Zeke's Island NERR
105,7/29/16,34,ZI,11.62,18.631,8.397,20.234,7.651,Zeke's Island NERR
106,7/29/16,34,ZI,12.8,18.631,8.397,20.234,7.651,Zeke's Island NERR
107,7/29/16,34,ZI,11.41,18.631,8.397,20.234,7.651,Zeke's Island NERR
108,7/29/16,34,ZI,13.88,18.631,8.397,20.234,7.651,Zeke's Island NERR
109,7/29/16,34,ZI,11.1,18.631,8.397,20.234,7.651,Zeke's Island NERR
110,7/29/16,34,ZI,11.65,18.631,8.397,20.234,7.651,Zeke's Island NERR
111,7/29/16,34,ZI,9.95,18.631,8.397,20.234,7.651,Zeke's Island NERR
112,7/29/16,34,ZI,9.87,18.631,8.397,20.234,7.651,Zeke's Island NERR
113,7/29/16,34,ZI,8.29,18.631,8.397,20.234,7.651,Zeke's Island NERR
114,7/29/16,34,ZI,8.45,18.631,8.397,20.234,7.651,Zeke's Island NERR
115,7/29/16,34,ZI,15.1,18.631,8.397,20.234,7.651,Zeke's Island NERR
116,7/29/16,34,ZI,11.69,18.631,8.397,20.234,7.651,Zeke's Island NERR
117,7/29/16,34,ZI,9.86,18.631,8.397,20.234,7.651,Zeke's Island NERR
118,7/29/16,34,ZI,8.05,18.631,8.397,20.234,7.651,Zeke's Island NERR
119,7/29/16,34,ZI,10.58,18.631,8.397,20.234,7.651,Zeke's Island NERR
120,7/29/16,34,ZI,13.51,18.631,8.397,20.234,7.651,Zeke's Island NERR
121,7/29/16,34,ZI,10.34,18.631,8.397,20.234,7.651,Zeke's Island NERR
122,7/29/16,34,ZI,11.96,18.631,8.397,20.234,7.651,Zeke's Island NERR
123,7/29/16,34,ZI,14.07,18.631,8.397,20.234,7.651,Zeke's Island NERR
124,8/1/16,34.7,RC,14.19,18.631,8.397,20.54,6.998,Rachel Carson NERR
125,8/1/16,34.7,RC,11.17,18.631,8.397,20.54,6.998,Rachel Carson NERR
126,8/1/16,34.7,RC,13.88,18.631,8.397,20.54,6.998,Rachel Carson NERR
127,8/1/16,34.7,RC,17.64,18.631,8.397,20.54,6.998,Rachel Carson NERR
128,8/1/16,34.7,RC,17.41,18.631,8.397,20.54,6.998,Rachel Carson NERR
129,8/1/16,34.7,RC,12.59,18.631,8.397,20.54,6.998,Rachel Carson NERR
130,8/1/16,34.7,RC,13.62,18.631,8.397,20.54,6.998,Rachel Carson NERR
131,8/1/16,34.7,RC,16.37,18.631,8.397,20.54,6.998,Rachel Carson NERR
132,8/1/16,34.7,RC,13.04,18.631,8.397,20.54,6.998,Rachel Carson NERR
133,8/1/16,34.7,RC,10.19,18.631,8.397,20.54,6.998,Rachel Carson NERR
134,8/1/16,34.7,RC,14.98,18.631,8.397,20.54,6.998,Rachel Carson NERR
135,8/1/16,34.7,RC,13.35,18.631,8.397,20.54,6.998,Rachel Carson NERR
136,8/1/16,34.7,RC,11.83,18.631,8.397,20.54,6.998,Rachel Carson NERR
137,8/1/16,34.7,RC,11.81,18.631,8.397,20.54,6.998,Rachel Carson NERR
138,8/1/16,34.7,RC,13.59,18.631,8.397,20.54,6.998,Rachel Carson NERR
139,8/1/16,34.7,RC,11.05,18.631,8.397,20.54,6.998,Rachel Carson NERR
140,8/1/16,34.7,RC,12.5,18.631,8.397,20.54,6.998,Rachel Carson NERR
141,8/1/16,34.7,RC,12.09,18.631,8.397,20.54,6.998,Rachel Carson NERR
142,8/1/16,34.7,RC,11.44,18.631,8.397,20.54,6.998,Rachel Carson NERR
143,8/1/16,34.7,RC,10.41,18.631,8.397,20.54,6.998,Rachel Carson NERR
144,8/1/16,34.7,RC,10.19,18.631,8.397,20.54,6.998,Rachel Carson NERR
145,8/1/16,34.7,RC,9.41,18.631,8.397,20.54,6.998,Rachel Carson NERR
146,8/1/16,34.7,RC,9.4,18.631,8.397,20.54,6.998,Rachel Carson NERR
147,8/1/16,34.7,RC,10.09,18.631,8.397,20.54,6.998,Rachel Carson NERR
148,8/1/16,34.7,RC,10.05,18.631,8.397,20.54,6.998,Rachel Carson NERR
149,8/9/16,37.2,VCR,21.29,14.95,8.41,17.56,8.43,Virginia Coastal Reserve LTER
150,8/9/16,37.2,VCR,19.36,14.95,8.41,17.56,8.43,Virginia Coastal Reserve LTER
151,8/9/16,37.2,VCR,18.3,14.95,8.41,17.56,8.43,Virginia Coastal Reserve LTER
152,8/9/16,37.2,VCR,17.33,14.95,8.41,17.56,8.43,Virginia Coastal Reserve LTER
153,8/9/16,37.2,VCR,20.78,14.95,8.41,17.56,8.43,Virginia Coastal Reserve LTER
154,8/9/16,37.2,VCR,21.35,14.95,8.41,17.56,8.43,Virginia Coastal Reserve LTER
155,8/9/16,37.2,VCR,19.15,14.95,8.41,17.56,8.43,Virginia Coastal Reserve LTER
156,8/9/16,37.2,VCR,11.66,14.95,8.41,17.56,8.43,Virginia Coastal Reserve LTER
157,8/9/16,37.2,VCR,18.71,14.95,8.41,17.56,8.43,Virginia Coastal Reserve LTER
158,8/9/16,37.2,VCR,19.76,14.95,8.41,17.56,8.43,Virginia Coastal Reserve LTER
159,8/9/16,37.2,VCR,18.79,14.95,8.41,17.56,8.43,Virginia Coastal Reserve LTER
160,8/9/16,37.2,VCR,14.2,14.95,8.41,17.56,8.43,Virginia Coastal Reserve LTER
161,8/9/16,37.2,VCR,19.01,14.95,8.41,17.56,8.43,Virginia Coastal Reserve LTER
162,8/9/16,37.2,VCR,12.94,14.95,8.41,17.56,8.43,Virginia Coastal Reserve LTER
163,8/9/16,37.2,VCR,13.3,14.95,8.41,17.56,8.43,Virginia Coastal Reserve LTER
164,8/9/16,37.2,VCR,19.9,14.95,8.41,17.56,8.43,Virginia Coastal Reserve LTER
165,8/9/16,37.2,VCR,16.7,14.95,8.41,17.56,8.43,Virginia Coastal Reserve LTER
166,8/9/16,37.2,VCR,15.04,14.95,8.41,17.56,8.43,Virginia Coastal Reserve LTER
167,8/9/16,37.2,VCR,14.93,14.95,8.41,17.56,8.43,Virginia Coastal Reserve LTER
168,8/9/16,37.2,VCR,14.04,14.95,8.41,17.56,8.43,Virginia Coastal Reserve LTER
169,8/9/16,37.2,VCR,16.11,14.95,8.41,17.56,8.43,Virginia Coastal Reserve LTER
170,8/9/16,37.2,VCR,16.22,14.95,8.41,17.56,8.43,Virginia Coastal Reserve LTER
171,8/9/16,37.2,VCR,12.66,14.95,8.41,17.56,8.43,Virginia Coastal Reserve LTER
172,8/9/16,37.2,VCR,13.99,14.95,8.41,17.56,8.43,Virginia Coastal Reserve LTER
173,8/9/16,37.2,VCR,13.15,14.95,8.41,17.56,8.43,Virginia Coastal Reserve LTER
174,8/9/16,37.2,VCR,14.65,14.95,8.41,17.56,8.43,Virginia Coastal Reserve LTER
175,8/9/16,37.2,VCR,13.84,14.95,8.41,17.56,8.43,Virginia Coastal Reserve LTER
176,8/9/16,37.2,VCR,15.93,14.95,8.41,17.56,8.43,Virginia Coastal Reserve LTER
177,8/9/16,37.2,VCR,15.06,14.95,8.41,17.56,8.43,Virginia Coastal Reserve LTER
178,8/9/16,37.2,VCR,11.92,14.95,8.41,17.56,8.43,Virginia Coastal Reserve LTER
179,8/7/16,39.1,DB,18.06,13.932,9.965,15.657,9.121,Delaware Bay NERR
180,8/7/16,39.1,DB,18.3,13.932,9.965,15.657,9.121,Delaware Bay NERR
181,8/7/16,39.1,DB,14.21,13.932,9.965,15.657,9.121,Delaware Bay NERR
182,8/7/16,39.1,DB,17.35,13.932,9.965,15.657,9.121,Delaware Bay NERR
183,8/7/16,39.1,DB,16.6,13.932,9.965,15.657,9.121,Delaware Bay NERR
184,8/7/16,39.1,DB,13.46,13.932,9.965,15.657,9.121,Delaware Bay NERR
185,8/7/16,39.1,DB,15.08,13.932,9.965,15.657,9.121,Delaware Bay NERR
186,8/7/16,39.1,DB,15.81,13.932,9.965,15.657,9.121,Delaware Bay NERR
187,8/7/16,39.1,DB,20.32,13.932,9.965,15.657,9.121,Delaware Bay NERR
188,8/7/16,39.1,DB,17.33,13.932,9.965,15.657,9.121,Delaware Bay NERR
189,8/7/16,39.1,DB,16.64,13.932,9.965,15.657,9.121,Delaware Bay NERR
190,8/7/16,39.1,DB,14.92,13.932,9.965,15.657,9.121,Delaware Bay NERR
191,8/7/16,39.1,DB,18.45,13.932,9.965,15.657,9.121,Delaware Bay NERR
192,8/7/16,39.1,DB,20.38,13.932,9.965,15.657,9.121,Delaware Bay NERR
193,8/7/16,39.1,DB,17.19,13.932,9.965,15.657,9.121,Delaware Bay NERR
194,8/7/16,39.1,DB,13.06,13.932,9.965,15.657,9.121,Delaware Bay NERR
195,8/7/16,39.1,DB,13.9,13.932,9.965,15.657,9.121,Delaware Bay NERR
196,8/7/16,39.1,DB,16.01,13.932,9.965,15.657,9.121,Delaware Bay NERR
197,8/7/16,39.1,DB,14.27,13.932,9.965,15.657,9.121,Delaware Bay NERR
198,8/7/16,39.1,DB,13.5,13.932,9.965,15.657,9.121,Delaware Bay NERR
199,8/7/16,39.1,DB,15,13.932,9.965,15.657,9.121,Delaware Bay NERR
200,8/7/16,39.1,DB,14.3,13.932,9.965,15.657,9.121,Delaware Bay NERR
201,8/7/16,39.1,DB,15.12,13.932,9.965,15.657,9.121,Delaware Bay NERR
202,8/7/16,39.1,DB,14.25,13.932,9.965,15.657,9.121,Delaware Bay NERR
203,8/7/16,39.1,DB,15.36,13.932,9.965,15.657,9.121,Delaware Bay NERR
204,8/7/16,39.1,DB,14.26,13.932,9.965,15.657,9.121,Delaware Bay NERR
205,8/7/16,39.1,DB,13.28,13.932,9.965,15.657,9.121,Delaware Bay NERR
206,8/7/16,39.1,DB,11.46,13.932,9.965,15.657,9.121,Delaware Bay NERR
207,8/7/16,39.1,DB,14.36,13.932,9.965,15.657,9.121,Delaware Bay NERR
208,8/7/16,39.1,DB,15.89,13.932,9.965,15.657,9.121,Delaware Bay NERR
209,8/8/16,39.6,JC,20.92,13.143,9.814,15.051,9.016,Jacques Cousteau NERR
210,8/8/16,39.6,JC,18.36,13.143,9.814,15.051,9.016,Jacques Cousteau NERR
211,8/8/16,39.6,JC,12.12,13.143,9.814,15.051,9.016,Jacques Cousteau NERR
212,8/8/16,39.6,JC,12.84,13.143,9.814,15.051,9.016,Jacques Cousteau NERR
213,8/8/16,39.6,JC,12.83,13.143,9.814,15.051,9.016,Jacques Cousteau NERR
214,8/8/16,39.6,JC,17.56,13.143,9.814,15.051,9.016,Jacques Cousteau NERR
215,8/8/16,39.6,JC,18.39,13.143,9.814,15.051,9.016,Jacques Cousteau NERR
216,8/8/16,39.6,JC,15.33,13.143,9.814,15.051,9.016,Jacques Cousteau NERR
217,8/8/16,39.6,JC,17.93,13.143,9.814,15.051,9.016,Jacques Cousteau NERR
218,8/8/16,39.6,JC,18.35,13.143,9.814,15.051,9.016,Jacques Cousteau NERR
219,8/8/16,39.6,JC,15.78,13.143,9.814,15.051,9.016,Jacques Cousteau NERR
220,8/8/16,39.6,JC,16.03,13.143,9.814,15.051,9.016,Jacques Cousteau NERR
221,8/8/16,39.6,JC,12.22,13.143,9.814,15.051,9.016,Jacques Cousteau NERR
222,8/8/16,39.6,JC,9.58,13.143,9.814,15.051,9.016,Jacques Cousteau NERR
223,8/8/16,39.6,JC,14.39,13.143,9.814,15.051,9.016,Jacques Cousteau NERR
224,8/8/16,39.6,JC,12.74,13.143,9.814,15.051,9.016,Jacques Cousteau NERR
225,8/8/16,39.6,JC,13.48,13.143,9.814,15.051,9.016,Jacques Cousteau NERR
226,8/8/16,39.6,JC,15.52,13.143,9.814,15.051,9.016,Jacques Cousteau NERR
227,8/8/16,39.6,JC,17.84,13.143,9.814,15.051,9.016,Jacques Cousteau NERR
228,8/8/16,39.6,JC,17.91,13.143,9.814,15.051,9.016,Jacques Cousteau NERR
229,8/8/16,39.6,JC,13.37,13.143,9.814,15.051,9.016,Jacques Cousteau NERR
230,8/8/16,39.6,JC,16.96,13.143,9.814,15.051,9.016,Jacques Cousteau NERR
231,8/8/16,39.6,JC,12.2,13.143,9.814,15.051,9.016,Jacques Cousteau NERR
232,8/8/16,39.6,JC,12.14,13.143,9.814,15.051,9.016,Jacques Cousteau NERR
233,8/8/16,39.6,JC,17.01,13.143,9.814,15.051,9.016,Jacques Cousteau NERR
234,8/8/16,39.6,JC,14.62,13.143,9.814,15.051,9.016,Jacques Cousteau NERR
235,8/8/16,39.6,JC,12.37,13.143,9.814,15.051,9.016,Jacques Cousteau NERR
236,8/8/16,39.6,JC,19.2,13.143,9.814,15.051,9.016,Jacques Cousteau NERR
237,8/8/16,39.6,JC,15.63,13.143,9.814,15.051,9.016,Jacques Cousteau NERR
238,8/8/16,39.6,JC,14.62,13.143,9.814,15.051,9.016,Jacques Cousteau NERR
239,8/9/16,41.3,CT,15.52,12.05,8.81,13.976,6.567,Sixpenny Island - Connecticut
240,8/9/16,41.3,CT,15.26,12.05,8.81,13.976,6.567,Sixpenny Island - Connecticut
241,8/9/16,41.3,CT,15.62,12.05,8.81,13.976,6.567,Sixpenny Island - Connecticut
242,8/9/16,41.3,CT,16.75,12.05,8.81,13.976,6.567,Sixpenny Island - Connecticut
243,8/9/16,41.3,CT,15.96,12.05,8.81,13.976,6.567,Sixpenny Island - Connecticut
244,8/9/16,41.3,CT,12.26,12.05,8.81,13.976,6.567,Sixpenny Island - Connecticut
245,8/9/16,41.3,CT,11.01,12.05,8.81,13.976,6.567,Sixpenny Island - Connecticut
246,8/9/16,41.3,CT,13.47,12.05,8.81,13.976,6.567,Sixpenny Island - Connecticut
247,8/9/16,41.3,CT,16.05,12.05,8.81,13.976,6.567,Sixpenny Island - Connecticut
248,8/9/16,41.3,CT,16.35,12.05,8.81,13.976,6.567,Sixpenny Island - Connecticut
249,8/9/16,41.3,CT,16.04,12.05,8.81,13.976,6.567,Sixpenny Island - Connecticut
250,8/9/16,41.3,CT,15.43,12.05,8.81,13.976,6.567,Sixpenny Island - Connecticut
251,8/9/16,41.3,CT,16.29,12.05,8.81,13.976,6.567,Sixpenny Island - Connecticut
252,8/9/16,41.3,CT,13.95,12.05,8.81,13.976,6.567,Sixpenny Island - Connecticut
253,8/9/16,41.3,CT,17.75,12.05,8.81,13.976,6.567,Sixpenny Island - Connecticut
254,8/9/16,41.3,CT,12.08,12.05,8.81,13.976,6.567,Sixpenny Island - Connecticut
255,8/9/16,41.3,CT,12.03,12.05,8.81,13.976,6.567,Sixpenny Island - Connecticut
256,8/9/16,41.3,CT,11.56,12.05,8.81,13.976,6.567,Sixpenny Island - Connecticut
257,8/9/16,41.3,CT,15.73,12.05,8.81,13.976,6.567,Sixpenny Island - Connecticut
258,8/9/16,41.3,CT,17.4,12.05,8.81,13.976,6.567,Sixpenny Island - Connecticut
259,8/9/16,41.3,CT,NA,12.05,8.81,13.976,6.567,Sixpenny Island - Connecticut
260,8/9/16,41.3,CT,12.03,12.05,8.81,13.976,6.567,Sixpenny Island - Connecticut
261,8/9/16,41.3,CT,17.08,12.05,8.81,13.976,6.567,Sixpenny Island - Connecticut
262,8/9/16,41.3,CT,12.24,12.05,8.81,13.976,6.567,Sixpenny Island - Connecticut
263,8/9/16,41.3,CT,11.34,12.05,8.81,13.976,6.567,Sixpenny Island - Connecticut
264,8/9/16,41.3,CT,19.47,12.05,8.81,13.976,6.567,Sixpenny Island - Connecticut
265,8/9/16,41.3,CT,13.5,12.05,8.81,13.976,6.567,Sixpenny Island - Connecticut
266,8/9/16,41.3,CT,15.8,12.05,8.81,13.976,6.567,Sixpenny Island - Connecticut
267,8/9/16,41.3,CT,17.04,12.05,8.81,13.976,6.567,Sixpenny Island - Connecticut
268,8/9/16,41.3,CT,18.06,12.05,8.81,13.976,6.567,Sixpenny Island - Connecticut
269,8/9/16,41.3,CT,12.75,12.05,8.81,13.976,6.567,Sixpenny Island - Connecticut
270,8/9/16,41.3,CT,11.78,12.05,8.81,13.976,6.567,Sixpenny Island - Connecticut
271,8/9/16,41.3,CT,15.92,12.05,8.81,13.976,6.567,Sixpenny Island - Connecticut
272,8/9/16,41.6,NB,20.28,12.205,9.483,17.504,7.865,Narragansett Bay NERR
273,7/28/16,41.6,NB,19.54,12.205,9.483,17.504,7.865,Narragansett Bay NERR
274,7/28/16,41.6,NB,21.94,12.205,9.483,17.504,7.865,Narragansett Bay NERR
275,7/28/16,41.6,NB,16.95,12.205,9.483,17.504,7.865,Narragansett Bay NERR
276,7/28/16,41.6,NB,15.03,12.205,9.483,17.504,7.865,Narragansett Bay NERR
277,7/28/16,41.6,NB,16.2,12.205,9.483,17.504,7.865,Narragansett Bay NERR
278,7/28/16,41.6,NB,21.47,12.205,9.483,17.504,7.865,Narragansett Bay NERR
279,7/28/16,41.6,NB,17.97,12.205,9.483,17.504,7.865,Narragansett Bay NERR
280,7/28/16,41.6,NB,18.31,12.205,9.483,17.504,7.865,Narragansett Bay NERR
281,7/28/16,41.6,NB,16.56,12.205,9.483,17.504,7.865,Narragansett Bay NERR
282,7/28/16,41.6,NB,18.23,12.205,9.483,17.504,7.865,Narragansett Bay NERR
283,7/28/16,41.6,NB,17.93,12.205,9.483,17.504,7.865,Narragansett Bay NERR
284,7/28/16,41.6,NB,17.48,12.205,9.483,17.504,7.865,Narragansett Bay NERR
285,7/28/16,41.6,NB,17.17,12.205,9.483,17.504,7.865,Narragansett Bay NERR
286,7/28/16,41.6,NB,17.44,12.205,9.483,17.504,7.865,Narragansett Bay NERR
287,7/28/16,41.6,NB,14.82,12.205,9.483,17.504,7.865,Narragansett Bay NERR
288,7/28/16,41.6,NB,13.19,12.205,9.483,17.504,7.865,Narragansett Bay NERR
289,7/28/16,41.6,NB,13.25,12.205,9.483,17.504,7.865,Narragansett Bay NERR
290,7/28/16,41.6,NB,14.52,12.205,9.483,17.504,7.865,Narragansett Bay NERR
291,7/28/16,41.6,NB,17.55,12.205,9.483,17.504,7.865,Narragansett Bay NERR
292,7/28/16,41.6,NB,20.78,12.205,9.483,17.504,7.865,Narragansett Bay NERR
293,7/28/16,41.6,NB,18.33,12.205,9.483,17.504,7.865,Narragansett Bay NERR
294,7/28/16,41.6,NB,17.85,12.205,9.483,17.504,7.865,Narragansett Bay NERR
295,7/28/16,41.6,NB,14.16,12.205,9.483,17.504,7.865,Narragansett Bay NERR
296,7/28/16,41.6,NB,15.85,12.205,9.483,17.504,7.865,Narragansett Bay NERR
297,7/28/16,41.6,NB,14.16,12.205,9.483,17.504,7.865,Narragansett Bay NERR
298,7/28/16,41.6,NB,15.85,12.205,9.483,17.504,7.865,Narragansett Bay NERR
299,7/28/16,41.6,NB,17.13,12.205,9.483,17.504,7.865,Narragansett Bay NERR
300,7/28/16,41.6,NB,17.13,12.205,9.483,17.504,7.865,Narragansett Bay NERR
301,7/25/16,41.9,CC,17.39,11.28,8.11,14.01,6.9,Cape Cod
302,7/25/16,41.9,CC,19.33,11.28,8.11,14.01,6.9,Cape Cod
303,7/25/16,41.9,CC,18.84,11.28,8.11,14.01,6.9,Cape Cod
304,7/25/16,41.9,CC,14.8,11.28,8.11,14.01,6.9,Cape Cod
305,7/25/16,41.9,CC,18.07,11.28,8.11,14.01,6.9,Cape Cod
306,7/25/16,41.9,CC,19.31,11.28,8.11,14.01,6.9,Cape Cod
307,7/25/16,41.9,CC,17.1,11.28,8.11,14.01,6.9,Cape Cod
308,7/25/16,41.9,CC,17.17,11.28,8.11,14.01,6.9,Cape Cod
309,7/25/16,41.9,CC,18.39,11.28,8.11,14.01,6.9,Cape Cod
310,7/25/16,41.9,CC,18.94,11.28,8.11,14.01,6.9,Cape Cod
311,7/25/16,41.9,CC,15.58,11.28,8.11,14.01,6.9,Cape Cod
312,7/25/16,41.9,CC,18.82,11.28,8.11,14.01,6.9,Cape Cod
313,7/25/16,41.9,CC,16.25,11.28,8.11,14.01,6.9,Cape Cod
314,7/25/16,41.9,CC,16.63,11.28,8.11,14.01,6.9,Cape Cod
315,7/25/16,41.9,CC,15.54,11.28,8.11,14.01,6.9,Cape Cod
316,7/25/16,41.9,CC,19.27,11.28,8.11,14.01,6.9,Cape Cod
317,7/25/16,41.9,CC,14.4,11.28,8.11,14.01,6.9,Cape Cod
318,7/25/16,41.9,CC,19.85,11.28,8.11,14.01,6.9,Cape Cod
319,7/25/16,41.9,CC,16.74,11.28,8.11,14.01,6.9,Cape Cod
320,7/25/16,41.9,CC,13.84,11.28,8.11,14.01,6.9,Cape Cod
321,7/25/16,41.9,CC,16.54,11.28,8.11,14.01,6.9,Cape Cod
322,7/25/16,41.9,CC,16.07,11.28,8.11,14.01,6.9,Cape Cod
323,7/25/16,41.9,CC,15.28,11.28,8.11,14.01,6.9,Cape Cod
324,7/25/16,41.9,CC,16.69,11.28,8.11,14.01,6.9,Cape Cod
325,7/25/16,41.9,CC,16.79,11.28,8.11,14.01,6.9,Cape Cod
326,7/25/16,41.9,CC,10.62,11.28,8.11,14.01,6.9,Cape Cod
327,7/25/16,41.9,CC,15.76,11.28,8.11,14.01,6.9,Cape Cod
328,8/12/16,42.2,BC,23.43,11.63,9.53,14.01,6.9,Bare Cove Park
329,8/12/16,42.2,BC,17,11.63,9.53,14.01,6.9,Bare Cove Park
330,8/12/16,42.2,BC,19.17,11.63,9.53,14.01,6.9,Bare Cove Park
331,8/12/16,42.2,BC,16.35,11.63,9.53,14.01,6.9,Bare Cove Park
332,8/12/16,42.2,BC,21.49,11.63,9.53,14.01,6.9,Bare Cove Park
333,8/12/16,42.2,BC,22.02,11.63,9.53,14.01,6.9,Bare Cove Park
334,8/12/16,42.2,BC,22.21,11.63,9.53,14.01,6.9,Bare Cove Park
335,8/12/16,42.2,BC,22.44,11.63,9.53,14.01,6.9,Bare Cove Park
336,8/12/16,42.2,BC,21.92,11.63,9.53,14.01,6.9,Bare Cove Park
337,8/12/16,42.2,BC,19.8,11.63,9.53,14.01,6.9,Bare Cove Park
338,8/12/16,42.2,BC,21.03,11.63,9.53,14.01,6.9,Bare Cove Park
339,8/12/16,42.2,BC,18.41,11.63,9.53,14.01,6.9,Bare Cove Park
340,8/12/16,42.2,BC,20.19,11.63,9.53,14.01,6.9,Bare Cove Park
341,8/12/16,42.2,BC,17.97,11.63,9.53,14.01,6.9,Bare Cove Park
342,8/12/16,42.2,BC,11.56,11.63,9.53,14.01,6.9,Bare Cove Park
343,8/12/16,42.2,BC,19.58,11.63,9.53,14.01,6.9,Bare Cove Park
344,8/12/16,42.2,BC,18.1,11.63,9.53,14.01,6.9,Bare Cove Park
345,8/12/16,42.2,BC,15.22,11.63,9.53,14.01,6.9,Bare Cove Park
346,8/12/16,42.2,BC,19.25,11.63,9.53,14.01,6.9,Bare Cove Park
347,8/12/16,42.2,BC,19.99,11.63,9.53,14.01,6.9,Bare Cove Park
348,8/12/16,42.2,BC,21.81,11.63,9.53,14.01,6.9,Bare Cove Park
349,8/12/16,42.2,BC,21.39,11.63,9.53,14.01,6.9,Bare Cove Park
350,8/12/16,42.2,BC,17.33,11.63,9.53,14.01,6.9,Bare Cove Park
351,8/12/16,42.2,BC,11.39,11.63,9.53,14.01,6.9,Bare Cove Park
352,8/12/16,42.2,BC,10.15,11.63,9.53,14.01,6.9,Bare Cove Park
353,8/12/16,42.2,BC,12.92,11.63,9.53,14.01,6.9,Bare Cove Park
354,8/12/16,42.2,BC,9.42,11.63,9.53,14.01,6.9,Bare Cove Park
355,8/12/16,42.2,BC,12.74,11.63,9.53,14.01,6.9,Bare Cove Park
356,8/12/16,42.2,BC,11.58,11.63,9.53,14.01,6.9,Bare Cove Park
357,8/12/16,42.2,BC,10.1,11.63,9.53,14.01,6.9,Bare Cove Park
358,8/12/16,42.2,BC,11.77,11.63,9.53,14.01,6.9,Bare Cove Park
359,8/12/16,42.2,BC,11.51,11.63,9.53,14.01,6.9,Bare Cove Park
360,8/12/16,42.2,BC,9.01,11.63,9.53,14.01,6.9,Bare Cove Park
361,8/12/16,42.2,BC,10.04,11.63,9.53,14.01,6.9,Bare Cove Park
362,8/12/16,42.2,BC,10.91,11.63,9.53,14.01,6.9,Bare Cove Park
363,8/12/16,42.2,BC,10.24,11.63,9.53,14.01,6.9,Bare Cove Park
364,8/12/16,42.2,BC,9.86,11.63,9.53,14.01,6.9,Bare Cove Park
365,8/13/16,42.7,PIE,17.58,10.293,9.45,14.33,4.838,Plum Island Estuary - West Creek
366,8/13/16,42.7,PIE,21.19,10.293,9.45,14.33,4.838,Plum Island Estuary - West Creek
367,8/13/16,42.7,PIE,20.2,10.293,9.45,14.33,4.838,Plum Island Estuary - West Creek
368,8/13/16,42.7,PIE,18.75,10.293,9.45,14.33,4.838,Plum Island Estuary - West Creek
369,8/13/16,42.7,PIE,17.54,10.293,9.45,14.33,4.838,Plum Island Estuary - West Creek
370,8/13/16,42.7,PIE,22.13,10.293,9.45,14.33,4.838,Plum Island Estuary - West Creek
371,8/13/16,42.7,PIE,19.51,10.293,9.45,14.33,4.838,Plum Island Estuary - West Creek
372,8/13/16,42.7,PIE,18.09,10.293,9.45,14.33,4.838,Plum Island Estuary - West Creek
373,8/13/16,42.7,PIE,17.98,10.293,9.45,14.33,4.838,Plum Island Estuary - West Creek
374,8/13/16,42.7,PIE,19.96,10.293,9.45,14.33,4.838,Plum Island Estuary - West Creek
375,8/13/16,42.7,PIE,18.94,10.293,9.45,14.33,4.838,Plum Island Estuary - West Creek
376,8/13/16,42.7,PIE,20.37,10.293,9.45,14.33,4.838,Plum Island Estuary - West Creek
377,8/13/16,42.7,PIE,17.75,10.293,9.45,14.33,4.838,Plum Island Estuary - West Creek
378,8/13/16,42.7,PIE,16.29,10.293,9.45,14.33,4.838,Plum Island Estuary - West Creek
379,8/13/16,42.7,PIE,9.92,10.293,9.45,14.33,4.838,Plum Island Estuary - West Creek
380,8/13/16,42.7,PIE,16.18,10.293,9.45,14.33,4.838,Plum Island Estuary - West Creek
381,8/13/16,42.7,PIE,18.06,10.293,9.45,14.33,4.838,Plum Island Estuary - West Creek
382,8/13/16,42.7,PIE,19.37,10.293,9.45,14.33,4.838,Plum Island Estuary - West Creek
383,8/13/16,42.7,PIE,17.52,10.293,9.45,14.33,4.838,Plum Island Estuary - West Creek
384,8/13/16,42.7,PIE,17.71,10.293,9.45,14.33,4.838,Plum Island Estuary - West Creek
385,8/13/16,42.7,PIE,20.42,10.293,9.45,14.33,4.838,Plum Island Estuary - West Creek
386,8/13/16,42.7,PI,20.24,10.293,9.45,14.33,4.838,Plum Island Estuary - West Creek
387,8/13/16,42.7,PIE,18.67,10.293,9.45,14.33,4.838,Plum Island Estuary - West Creek
388,8/13/16,42.7,PIE,17.92,10.293,9.45,14.33,4.838,Plum Island Estuary - West Creek
389,8/13/16,42.7,PIE,21.2,10.293,9.45,14.33,4.838,Plum Island Estuary - West Creek
390,8/13/16,42.7,PIE,16.25,10.293,9.45,14.33,4.838,Plum Island Estuary - West Creek
391,8/13/16,42.7,PIE,20.32,10.293,9.45,14.33,4.838,Plum Island Estuary - West Creek
392,8/13/16,42.7,PIE,18.05,10.293,9.45,14.33,4.838,Plum Island Estuary - West Creek